id,gender,masterCategory,subCategory,articleType,baseColour,season,year,usage,productDisplayName,image_filename
20924,Men,Accessories,Bags,Backpacks,Black,Winter,2016.0,Casual,Fastrack Men Polyester Black Backpack,20924.jpg
8352,Unisex,Accessories,Bags,Backpacks,Black,Winter,2015.0,Travel,Wildcraft Unisex Black Ursa Backpack,8352.jpg
19912,Unisex,Accessories,Bags,Backpacks,Green,Winter,2015.0,Casual,Wildcraft Unisex Outdoors Crump Green Backpack,19912.jpg
58144,Unisex,Accessories,Bags,Backpacks,Grey,Summer,2012.0,Casual,Puma Unisex Grey Backpack,58144.jpg
29104,Unisex,Accessories,Bags,Backpacks,Red,Summer,2012.0,Casual,Puma Unisex Big Cat Red Backpack,29104.jpg
18007,Unisex,Accessories,Bags,Backpacks,Black,Fall,2011.0,Casual,U.S. Polo Assn. Unisex Black Backpack,18007.jpg
35184,Unisex,Accessories,Bags,Backpacks,Blue,Spring,2013.0,Casual,Wildcraft Unisex Blue Backpack,35184.jpg
38744,Unisex,Accessories,Bags,Backpacks,Green,Summer,2012.0,Casual,Nike Unisex Green All Access Fullfare Backpack,38744.jpg
17983,Unisex,Accessories,Bags,Backpacks,Black,Fall,2011.0,Casual,U.S. Polo Assn. Unisex Laptop  Black Backpack,17983.jpg
8524,Unisex,Accessories,Bags,Backpacks,Black,Summer,2011.0,Casual,Nike Unisex Nike Black plain Black Backpacks,8524.jpg
39880,Unisex,Accessories,Bags,Backpacks,Black,Summer,2012.0,Casual,ADIDAS Unisex Black Skate Check Backpack,39880.jpg
15922,Unisex,Accessories,Bags,Backpacks,Brown,Fall,2011.0,Casual,ADIDAS Unisex ADP1810 Brown Backpack,15922.jpg
37685,Unisex,Accessories,Bags,Backpacks,Black,Summer,2012.0,Casual,American Tourister Unisex Black Backpack,37685.jpg
4680,Unisex,Accessories,Bags,Backpacks,Black,Summer,2011.0,Sports,ADIDAS Unisex Ess Black Silver Backpack,4680.jpg
6121,Unisex,Accessories,Bags,Backpacks,Black,Summer,2011.0,Casual,Puma Unisex Foundation Black Backpack,6121.jpg
38750,Unisex,Accessories,Bags,Backpacks,Grey,Summer,2012.0,Casual,Nike Unisex Grey Classic Turf Backpack,38750.jpg
37672,Unisex,Accessories,Bags,Backpacks,Black,Spring,2013.0,Casual,American Tourister Unisex Black Backpack,37672.jpg
20035,Women,Accessories,Bags,Backpacks,Purple,Fall,2011.0,Casual,United Colors of Benetton Women Purple Casual Backpack,20035.jpg
49790,Men,Accessories,Headwear,Caps,Black,Summer,2012.0,Casual,Flying Machine Men Black Cap,49790.jpg
3340,Men,Accessories,Headwear,Caps,Blue,Fall,2010.0,Sports,ADIDAS Men Mumbai Indians Match Blue Cap,3340.jpg
49234,Men,Accessories,Headwear,Caps,Yellow,Fall,2012.0,Casual,Arrow Men Yellow Cap,49234.jpg
36083,Unisex,Accessories,Headwear,Caps,Black,Summer,2012.0,Casual,OTLS Unisex Black Polo Cap,36083.jpg
17532,Unisex,Accessories,Headwear,Caps,Black,Fall,2011.0,Sports,ADIDAS Unisex Sports Black Caps,17532.jpg
17531,Unisex,Accessories,Headwear,Caps,Navy Blue,Fall,2011.0,Sports,ADIDAS Unisex Sports Navy Blue Caps,17531.jpg
40744,Women,Accessories,Headwear,Caps,Blue,Winter,2012.0,Casual,Roxy Women Blue Cap,40744.jpg
35381,Boys,Footwear,Shoes,Casual Shoes,Black,Summer,2012.0,Casual,Enroute Teens Black Shoes,35381.jpg
15247,Men,Footwear,Shoes,Casual Shoes,Black,Fall,2011.0,Casual,ADIDAS Originals Men Superstar 11 IS Black Casual Shoes,15247.jpg
2394,Men,Footwear,Shoes,Casual Shoes,Black,Winter,2018.0,Casual,Red Tape Men's Casual Black Shoe,2394.jpg
13353,Men,Footwear,Shoes,Casual Shoes,Brown,Fall,2011.0,Casual,Timberland Men Juniors Brown Casual Shoes,13353.jpg
26643,Men,Footwear,Shoes,Casual Shoes,Red,Summer,2012.0,Casual,Puma Men Driving Power Light Red Casual Shoes,26643.jpg
6831,Men,Footwear,Shoes,Casual Shoes,White,Summer,2011.0,Casual,Nike Men's Street Pana II White Shoe,6831.jpg
23807,Men,Footwear,Shoes,Casual Shoes,Maroon,Fall,2011.0,Casual,Puma Men Maroon Graphic Casual Shoes,23807.jpg
24719,Men,Footwear,Shoes,Casual Shoes,Brown,Fall,2010.0,Casual,Skechers Men Brown Casual Shoes,24719.jpg
13359,Men,Footwear,Shoes,Casual Shoes,Beige,Fall,2011.0,Casual,Timberland Men Juniors Beige Casual Shoes,13359.jpg
5332,Men,Footwear,Shoes,Casual Shoes,Brown,Summer,2011.0,Casual,Fila Men's Rockridge Dark Coffee Shoe,5332.jpg
29572,Men,Footwear,Shoes,Casual Shoes,Grey,Summer,2012.0,Casual,Vans Men Classic Slip-On Grey Shoes,29572.jpg
7810,Men,Footwear,Shoes,Casual Shoes,White,Fall,2011.0,Casual,Puma Men's Contest Hi White Navy Shoe,7810.jpg
7775,Men,Footwear,Shoes,Casual Shoes,Black,Fall,2011.0,Casual,Converse Men's Poormn Team Black Canvas Shoe,7775.jpg
1917,Men,Footwear,Shoes,Casual Shoes,White,Fall,2010.0,Casual,Puma Men White Sneakers,1917.jpg
14568,Men,Footwear,Shoes,Casual Shoes,Black,Fall,2011.0,Casual,Vans Men Rowley,14568.jpg
10306,Men,Footwear,Shoes,Casual Shoes,Grey,Fall,2011.0,Casual,Clarks Men Rocco Fuse Leather Grey Casual Shoes,10306.jpg
56666,Men,Footwear,Shoes,Casual Shoes,Grey,Summer,2012.0,Casual,United Colors Of Benetton Men Grey Shoes,56666.jpg
10155,Men,Footwear,Shoes,Casual Shoes,Brown,Fall,2011.0,Casual,Rockport Men Tr Bal Brown Casual Shoes,10155.jpg
44749,Men,Footwear,Shoes,Casual Shoes,Grey,Summer,2012.0,Casual,Globalite Men Grey Tracker Shoes,44749.jpg
39252,Men,Footwear,Shoes,Casual Shoes,Beige,Winter,2018.0,Casual,Red Chief Men Beige Shoes,39252.jpg
59944,Men,Footwear,Shoes,Casual Shoes,Cream,Spring,2013.0,Casual,Vans Men Black & Cream Casual Shoes,59944.jpg
7395,Men,Footwear,Shoes,Casual Shoes,Grey,Winter,2018.0,Casual,Red Tape Men's Casual Grey Shoe,7395.jpg
21067,Men,Footwear,Shoes,Casual Shoes,Brown,Summer,2011.0,Casual,Clarks Men Gofor Life Brown Casual Shoe,21067.jpg
5326,Men,Footwear,Shoes,Casual Shoes,Brown,Summer,2011.0,Casual,Fila Men's Fitness Hiker Brown Shoe,5326.jpg
45624,Men,Footwear,Shoes,Casual Shoes,Black,Winter,2018.0,Casual,Red Tape Men Black Shoes,45624.jpg
22860,Men,Footwear,Shoes,Casual Shoes,Black,Summer,2012.0,Casual,Woodland Men Black Casual Shoes,22860.jpg
54738,Men,Footwear,Shoes,Casual Shoes,Grey,Summer,2012.0,Casual,Vans Men Grey Shoes,54738.jpg
3489,Men,Footwear,Shoes,Casual Shoes,Blue,Summer,2011.0,Casual,ADIDAS Men's Jawpaw Blue Shoe,3489.jpg
9213,Men,Footwear,Shoes,Casual Shoes,Black,Fall,2011.0,Casual,Puma Men Speeder Black Casual Shoes,9213.jpg
18481,Men,Footwear,Shoes,Casual Shoes,Blue,Fall,2011.0,Casual,Puma Men Future Cat Blue Casual Shoes,18481.jpg
6374,Men,Footwear,Shoes,Casual Shoes,Red,Summer,2011.0,Casual,Numero Uno Men's Canvas Red Shoe,6374.jpg
14500,Men,Footwear,Shoes,Casual Shoes,Brown,Fall,2011.0,Casual,Flying Machine Men Brown Casual Shoes,14500.jpg
22117,Men,Footwear,Shoes,Casual Shoes,Brown,Fall,2011.0,Casual,Reebok Men Pro Legacy Brown Casual Shoes,22117.jpg
13079,Men,Footwear,Shoes,Casual Shoes,White,Fall,2011.0,Casual,Numero Uno Men White Casual Shoes,13079.jpg
12427,Men,Footwear,Shoes,Casual Shoes,Brown,Fall,2011.0,Casual,Timberland Men Casual Brown Casual Shoes,12427.jpg
23497,Men,Footwear,Shoes,Casual Shoes,Black,Fall,2011.0,Casual,Fila Men Strings Black Casual Shoes,23497.jpg
12816,Men,Footwear,Shoes,Casual Shoes,Black,Fall,2011.0,Casual,Fila Men Driving Velcro Black Casual Shoes,12816.jpg
34081,Men,Footwear,Shoes,Casual Shoes,Brown,Summer,2016.0,Casual,Clarks Men Brown Nature Three Mahogany Leather Casual Shoes,34081.jpg
39948,Men,Footwear,Shoes,Casual Shoes,White,Spring,2013.0,Casual,GAS Men White Casual Shoes,39948.jpg
42124,Men,Footwear,Shoes,Casual Shoes,Grey,Summer,2012.0,Casual,Nike Men Grey Air Twilight Shoes,42124.jpg
5696,Men,Footwear,Shoes,Casual Shoes,Brown,Winter,2015.0,Casual,Skechers Men Genesis Brown Shoe,5696.jpg
17823,Men,Footwear,Shoes,Casual Shoes,White,Fall,2011.0,Casual,Nike Men  Court Majestic White Casual Shoe,17823.jpg
39269,Men,Footwear,Shoes,Casual Shoes,Beige,Winter,2018.0,Casual,Red Chief Men Beige Shoes,39269.jpg
22536,Men,Footwear,Shoes,Casual Shoes,Green,Spring,2013.0,Casual,Gas Men Skate Green Casual Shoes,22536.jpg
25441,Men,Footwear,Shoes,Casual Shoes,Blue,Summer,2012.0,Casual,Nike Men Elite Blue Shoes,25441.jpg
57494,Men,Footwear,Shoes,Casual Shoes,Brown,Summer,2012.0,Casual,Lee Cooper Men Brown Shoes,57494.jpg
34078,Men,Footwear,Shoes,Casual Shoes,Black,Fall,2012.0,Casual,Clarks Men Sentry Cry Leather Black Shoes,34078.jpg
26525,Men,Footwear,Shoes,Casual Shoes,Blue,Spring,2013.0,Casual,Gas Men Passtime Blue Casual Shoes,26525.jpg
36416,Men,Footwear,Shoes,Casual Shoes,Black,Summer,2012.0,Casual,Spinn Men Abzorb X Black Shoes,36416.jpg
6440,Men,Footwear,Shoes,Casual Shoes,Black,Summer,2011.0,Casual,Lotto Men's Calcetto Black Brown Shoe,6440.jpg
28662,Men,Footwear,Shoes,Casual Shoes,Black,Summer,2012.0,Casual,Nike Men Lunar Flow Black Casual Shoes,28662.jpg
17979,Unisex,Footwear,Shoes,Casual Shoes,Black,Summer,2012.0,Casual,Puma Unisex Black Hip Hop Shoes,17979.jpg
19053,Unisex,Footwear,Shoes,Casual Shoes,Black,Summer,2012.0,Casual,Puma Unisex Black Hip Hop Shoes,19053.jpg
21747,Unisex,Footwear,Shoes,Casual Shoes,Black,Fall,2011.0,Casual,Vans Unisex  Era Black Casual Shoes,21747.jpg
24299,Unisex,Footwear,Shoes,Casual Shoes,Grey,Summer,2013.0,Casual,Converse Unisex Grey CT Oxford Ox Casual Shoes,24299.jpg
15899,Unisex,Footwear,Shoes,Casual Shoes,Orange,Winter,2012.0,Casual,Warner Bros Kids Unisex TJ Happy Canvas Orange Casual Shoes,15899.jpg
34859,Unisex,Footwear,Shoes,Casual Shoes,White,Summer,2012.0,Casual,Vans Unisex Classic Slip-On White Shoes,34859.jpg
18542,Women,Footwear,Shoes,Casual Shoes,Black,Winter,2015.0,Casual,Catwalk Women  Black Casual Shoe,18542.jpg
34518,Women,Footwear,Shoes,Casual Shoes,Pink,Summer,2012.0,Casual,ADIDAS Women Color Can Pink Shoes,34518.jpg
5909,Women,Footwear,Shoes,Casual Shoes,White,Summer,2011.0,Casual,ADIDAS Women's Derby White Shoe,5909.jpg
12902,Women,Footwear,Shoes,Casual Shoes,Black,Fall,2011.0,Casual,Puma Women Cabana Racer SL Black Casual Shoes,12902.jpg
6373,Women,Footwear,Shoes,Casual Shoes,Black,Summer,2011.0,Casual,Puma Women's Supersuede Black Shoe,6373.jpg
7728,Women,Footwear,Shoes,Casual Shoes,White,Fall,2011.0,Casual,Puma Women's Future Cat M1 White Blue Shoe,7728.jpg
47640,Women,Footwear,Shoes,Casual Shoes,Brown,Winter,2012.0,Casual,Carlton London Women Brown Shoes,47640.jpg
45617,Men,Footwear,Shoes,Formal Shoes,Brown,Summer,2012.0,Formal,Arrow Men Brown Formal Shoes,45617.jpg
21099,Men,Footwear,Shoes,Formal Shoes,Black,Fall,2012.0,Formal,Clarks Men Black Formal Shoes,21099.jpg
15059,Men,Footwear,Shoes,Formal Shoes,Black,Summer,2013.0,Formal,Franco Leone Men Black Formal Shoe,15059.jpg
45590,Men,Footwear,Shoes,Formal Shoes,Black,Summer,2013.0,Formal,Arrow Men Black Formal Shoes,45590.jpg
35409,Men,Footwear,Shoes,Formal Shoes,Black,Summer,2013.0,Formal,Enroute Men Black Formal Shoes,35409.jpg
35493,Men,Footwear,Shoes,Formal Shoes,Black,Summer,2012.0,Formal,Bata Men Black Formal Shoes,35493.jpg
40690,Men,Footwear,Shoes,Formal Shoes,Black,Summer,2012.0,Formal,Numero Uno Men Black Formal Shoes,40690.jpg
44736,Men,Footwear,Shoes,Formal Shoes,Black,Summer,2012.0,Formal,U.S. Polo Assn. Men Black Formal Shoes,44736.jpg
23251,Men,Footwear,Shoes,Formal Shoes,Black,Fall,2011.0,Formal,Arrow Men Formal Black Shoe,23251.jpg
33337,Men,Footwear,Shoes,Formal Shoes,Black,Summer,2012.0,Formal,Homme Men Black Formal Shoes,33337.jpg
4272,Men,Footwear,Shoes,Formal Shoes,Black,Summer,2011.0,Formal,Rockport Men's Aderner Black Shoe,4272.jpg
22896,Men,Footwear,Shoes,Formal Shoes,Black,Summer,2012.0,Formal,Woodland Men Black Formal Shoes,22896.jpg
10143,Men,Footwear,Shoes,Formal Shoes,Brown,Fall,2011.0,Formal,Rockport Men Moc Front Brown Formal Shoes,10143.jpg
23242,Men,Footwear,Shoes,Formal Shoes,Black,Fall,2011.0,Formal,Arrow Men Formal Black Shoes,23242.jpg
12473,Men,Footwear,Shoes,Formal Shoes,Black,Summer,2013.0,Formal,Clarks Men Leather Black Formal Shoes,12473.jpg
2384,Men,Footwear,Shoes,Formal Shoes,Black,Winter,2018.0,Formal,Red Tape Men Semi Black Formal Shoes,2384.jpg
45608,Men,Footwear,Shoes,Formal Shoes,Brown,Summer,2012.0,Formal,Arrow Men Brown Formal Shoes,45608.jpg
58524,Unisex,Accessories,Bags,Handbags,Black,Fall,2012.0,Casual,Wildcraft Unisex Black Rain Cover For Backpacks,58524.jpg
2649,Women,Accessories,Bags,Handbags,Black,Winter,2015.0,Casual,Murcia Women Leather Office Black Bag,2649.jpg
21528,Women,Accessories,Bags,Handbags,Copper,Winter,2015.0,Casual,Kiara Women Sequins Copper Handbag,21528.jpg
21553,Women,Accessories,Bags,Handbags,Black,Winter,2015.0,Casual,Kiara Women Classic Black Handbag,21553.jpg
10246,Women,Accessories,Bags,Handbags,Brown,Winter,2015.0,Casual,Murcia Women Zoe Brown Handbags,10246.jpg
22006,Women,Accessories,Bags,Handbags,Brown,Winter,2015.0,Casual,Murcia Women Casual Brown Handbag,22006.jpg
42838,Women,Accessories,Bags,Handbags,Black,Summer,2012.0,Casual,French Connection Women Black Handbag,42838.jpg
2644,Women,Accessories,Bags,Handbags,Red,Winter,2015.0,Casual,Murcia Women Embroidered Canvas Bag,2644.jpg
20512,Women,Accessories,Bags,Handbags,Teal,Winter,2015.0,Casual,Baggit Women Teal Turnoff Taj Handbag,20512.jpg
26182,Women,Accessories,Bags,Handbags,Beige,Spring,2013.0,Casual,Rocia Women Beige Casual Sandals,26182.jpg
37078,Women,Accessories,Bags,Handbags,Olive,Summer,2012.0,Casual,Lino Perros Women Olive Handbag,37078.jpg
37003,Women,Accessories,Bags,Handbags,Blue,Summer,2012.0,Casual,Lino Perros Women Blue Sling Bag,37003.jpg
54831,Women,Accessories,Bags,Handbags,Off White,Fall,2012.0,Casual,Ivory Tag Women Off White Tasseled Rose Sling Bag,54831.jpg
21556,Women,Accessories,Bags,Handbags,Pink,Winter,2015.0,Casual,Kiara Women Classic Pink Handbag,21556.jpg
53649,Women,Accessories,Bags,Handbags,Grey,Summer,2012.0,Casual,Kiara Women Grey Handbag,53649.jpg
22661,Women,Accessories,Bags,Handbags,Lavender,Summer,2017.0,Casual,Wildcraft Lavender & Grey Slingbag,22661.jpg
51905,Women,Accessories,Bags,Handbags,Purple,Summer,2016.0,Casual,Nyk Women Blue Pacifier Handbag,51905.jpg
52654,Women,Accessories,Bags,Handbags,Beige,Summer,2012.0,Casual,Mod'acc Women Beige Handbag,52654.jpg
46981,Women,Accessories,Bags,Handbags,Brown,Summer,2012.0,Casual,Bulchee Women Brown Handbag,46981.jpg
58275,Women,Accessories,Bags,Handbags,Pink,Summer,2012.0,Casual,Baggit Women Pink Sling Bag,58275.jpg
47305,Women,Accessories,Bags,Handbags,Brown,Summer,2012.0,Casual,Baggit Women Brown Handbag,47305.jpg
34558,Women,Accessories,Bags,Handbags,Black,Summer,2012.0,Casual,Puma Women Fitness Black Handbag,34558.jpg
46979,Women,Accessories,Bags,Handbags,Grey,Summer,2012.0,Casual,Bulchee Women Grey Handbag,46979.jpg
35911,Women,Accessories,Bags,Handbags,Red,Summer,2012.0,Casual,Peperone Women Red Handbag,35911.jpg
20615,Women,Accessories,Bags,Handbags,Red,Winter,2015.0,Casual,Baggit Women Red Ishqx Excel Handbag,20615.jpg
34877,Women,Accessories,Bags,Handbags,Navy Blue,Summer,2012.0,Casual,Envirosax Women Navy Blue Bag,34877.jpg
46974,Women,Accessories,Bags,Handbags,Brown,Summer,2012.0,Casual,Bulchee Women Brown Handbag,46974.jpg
34729,Women,Accessories,Bags,Handbags,Blue,Summer,2012.0,Casual,Baggit Women Blue Handbag,34729.jpg
46976,Women,Accessories,Bags,Handbags,Black,Summer,2012.0,Casual,Bulchee Women Black Handbag,46976.jpg
26430,Women,Accessories,Bags,Handbags,Brown,Winter,2015.0,Casual,Spice Art Women Leatherette Brown Handbag,26430.jpg
42890,Women,Accessories,Bags,Handbags,Black,Summer,2012.0,Casual,French Connection Women Black Sling Bag,42890.jpg
42846,Women,Accessories,Bags,Handbags,Multi,Summer,2012.0,Casual,French Connection Women Multi Stripe Hand Bag,42846.jpg
54502,Women,Accessories,Bags,Handbags,Black,Summer,2012.0,Casual,Lino Perros Women Black Handbag,54502.jpg
50180,Women,Accessories,Bags,Handbags,Red,Summer,2012.0,Casual,Peperone Women Red Handbag,50180.jpg
21934,Women,Accessories,Bags,Handbags,Mustard,Winter,2015.0,Casual,Murcia Women Casual Mustard Handbag,21934.jpg
26434,Women,Accessories,Bags,Handbags,Red,Winter,2015.0,Casual,Spice Art Women Red Handbag,26434.jpg
54008,Women,Accessories,Bags,Handbags,Brown,Summer,2012.0,Casual,Kiara Women Brown Handbag,54008.jpg
44249,Women,Accessories,Bags,Handbags,Red,Summer,2012.0,Casual,Hidekraft Women Red Handbag,44249.jpg
38470,Women,Accessories,Bags,Handbags,Brown,Summer,2012.0,Casual,Baggit Women Brown Marsx Hoor Handbag,38470.jpg
1662,Men,Apparel,Topwear,Jackets,Navy Blue,Fall,2012.0,Sports,Nike Men Blue Windrunner Jacket,1662.jpg
59122,Men,Apparel,Topwear,Jackets,Grey,Summer,2012.0,Casual,Just Natural Men Grey Jacket,59122.jpg
13092,Men,Apparel,Topwear,Jackets,White,Fall,2011.0,Casual,ADIDAS Men Bnce T-Top White Jackets,13092.jpg
5560,Men,Apparel,Topwear,Jackets,Green,Summer,2011.0,Sports,Reebok Men Sport Revesable Black Green Jacket,5560.jpg
14308,Men,Apparel,Topwear,Jackets,Black,Fall,2011.0,Casual,ADIDAS Men Solid Black Jackets,14308.jpg
15020,Men,Apparel,Topwear,Jackets,Maroon,Fall,2011.0,Sports,ADIDAS Men Solid Maroon Jackets,15020.jpg
12532,Women,Apparel,Topwear,Jackets,Black,Fall,2011.0,Casual,Puma Women Solid Black Jackets,12532.jpg
38500,Girls,Apparel,Bottomwear,Jeans,Black,Summer,2012.0,Casual,Gini and Jony Girls Woven Black Jeans,38500.jpg
14121,Men,Apparel,Bottomwear,Jeans,Blue,Winter,2016.0,Casual,Flying Machine Washed Blue Jeans,14121.jpg
11320,Men,Apparel,Bottomwear,Jeans,Grey,Fall,2011.0,Casual,United Colors of Benetton Men Washed Grey Jeans,11320.jpg
56828,Men,Apparel,Bottomwear,Jeans,Blue,Fall,2013.0,Casual,John Players Men Blue Slim Fit Jeans,56828.jpg
24996,Men,Apparel,Bottomwear,Jeans,Blue,Summer,2012.0,Casual,United Colors of Benetton Men Blue Washed Jeans,24996.jpg
48378,Men,Apparel,Bottomwear,Jeans,Blue,Summer,2012.0,Casual,French Connection Men Blue paint Stained Regular Fit Jeans,48378.jpg
27939,Women,Apparel,Bottomwear,Jeans,Purple,Summer,2012.0,Casual,Jealous 21 Women Purple Magic Colour Jeans,27939.jpg
36732,Women,Apparel,Bottomwear,Jeans,Blue,Summer,2012.0,Casual,Spykar Women Liana Blue Jeans,36732.jpg
51363,Women,Apparel,Bottomwear,Jeans,Blue,Summer,2012.0,Casual,Spykar  Women Jeans,51363.jpg
7708,Women,Apparel,Bottomwear,Jeans,Blue,Fall,2011.0,Casual,Jealous 21 Women Aliah Blue Jegging,7708.jpg
49896,Girls,Accessories,Watches,Watches,White,Winter,2016.0,Casual,Q&Q Kids Girls White Dial Analog Watch,49896.jpg
36205,Boys,Apparel,Topwear,Shirts,White,Summer,2012.0,Casual,Gini Jony Boys White Shirt,36205.jpg
34046,Boys,Apparel,Topwear,Shirts,White,Summer,2012.0,Casual,Gini and Jony Boys White Shirt,34046.jpg
12659,Men,Apparel,Topwear,Shirts,White,Fall,2011.0,Casual,Probase Men Stripes White Shirts,12659.jpg
12234,Men,Apparel,Topwear,Shirts,Black,Fall,2011.0,Formal,Genesis Men Check Black Shirts,12234.jpg
8810,Men,Apparel,Topwear,Shirts,Blue,Fall,2011.0,Casual,Scullers Men White Check Shirt,8810.jpg
17162,Men,Apparel,Topwear,Shirts,Blue,Fall,2011.0,Casual,U.S. Polo Assn. Men Checks  Blue Shirt,17162.jpg
37797,Men,Apparel,Topwear,Shirts,Blue,Summer,2012.0,Formal,John Players Men Blue Striped Shirt,37797.jpg
12012,Men,Apparel,Topwear,Shirts,Blue,Fall,2011.0,Formal,Mark Taylor Men Blue Striped Shirts,12012.jpg
11085,Men,Apparel,Topwear,Shirts,Green,Fall,2011.0,Casual,Scullers Men Check Green Shirts,11085.jpg
6633,Men,Apparel,Topwear,Shirts,Black,Summer,2011.0,Casual,UCB Men Ben Logo Chest Black Shirt,6633.jpg
26376,Men,Apparel,Topwear,Shirts,Blue,Summer,2012.0,Formal,Turtle Men Blue Shirt,26376.jpg
19194,Men,Apparel,Topwear,Shirts,White,Fall,2011.0,Casual,United Colors of Benetton Men Solid White Shirt,19194.jpg
58807,Men,Apparel,Topwear,Shirts,Navy Blue,Fall,2012.0,Smart Casual,Highlander Men Navy Blue Striped Shirt,58807.jpg
6010,Men,Apparel,Topwear,Shirts,Purple,Summer,2010.0,Casual,Highlander Men Purple Green Checked Shirt,6010.jpg
46394,Men,Apparel,Topwear,Shirts,Blue,Summer,2012.0,Casual,ADIDAS Men Blue & Black Check Shirt,46394.jpg
9647,Men,Apparel,Topwear,Shirts,Green,Fall,2011.0,Casual,Indigo Nation Men Checks Green Shirts,9647.jpg
8586,Men,Apparel,Topwear,Shirts,Red,Fall,2011.0,Casual,Scullers Men Red Shirt,8586.jpg
10479,Men,Apparel,Topwear,Shirts,Red,Fall,2011.0,Casual,Flying Machine Men FS Red Shirts,10479.jpg
51860,Men,Apparel,Topwear,Shirts,Navy Blue,Fall,2012.0,Casual,Locomotive Men Navy Striped Shirt,51860.jpg
11114,Men,Apparel,Topwear,Shirts,Purple,Fall,2011.0,Formal,Indigo Nation Men Check Purple Shirts,11114.jpg
26065,Men,Apparel,Topwear,Shirts,Black,Summer,2012.0,Formal,John Miller Men Check Black Shirt,26065.jpg
9453,Men,Apparel,Topwear,Shirts,Blue,Fall,2011.0,Formal,John Miller Men White checks Blue Shirts,9453.jpg
16041,Men,Apparel,Topwear,Shirts,Blue,Fall,2011.0,Casual,Highlander Men Check Blue Shirt,16041.jpg
23195,Men,Apparel,Topwear,Shirts,Green,Fall,2011.0,Casual,Highlander Men Green Striped Shirt,23195.jpg
11109,Men,Apparel,Topwear,Shirts,Black,Fall,2011.0,Formal,Indigo Nation Men Stripes Black Shirts,11109.jpg
26049,Men,Apparel,Topwear,Shirts,Navy Blue,Summer,2012.0,Formal,John Miller Men Striped Navy Blue Shirt,26049.jpg
12181,Men,Apparel,Topwear,Shirts,Grey,Fall,2011.0,Casual,Basics Men Grey Slim Fit Checked Shirt,12181.jpg
12026,Men,Apparel,Topwear,Shirts,White,Fall,2011.0,Formal,Mark Taylor Men White Striped Shirt,12026.jpg
9730,Men,Apparel,Topwear,Shirts,Navy Blue,Fall,2011.0,Casual,Indian Terrain Men Brock Navy Blue Shirts,9730.jpg
57296,Men,Apparel,Topwear,Shirts,White,Summer,2012.0,Casual,French Connection Men White Checks Shirt,57296.jpg
36590,Men,Apparel,Topwear,Shirts,Red,Summer,2012.0,Casual,Provogue Men Eternity Red Shirt,36590.jpg
41606,Men,Apparel,Topwear,Shirts,Beige,Summer,2012.0,Casual,Basics Men Beige Shirt,41606.jpg
16532,Men,Apparel,Topwear,Shirts,Blue,Fall,2011.0,Casual,Locomotive Men Check Blue Shirt,16532.jpg
41599,Men,Apparel,Topwear,Shirts,Blue,Summer,2012.0,Casual,Basics Men Blue Shirt,41599.jpg
19717,Men,Apparel,Topwear,Shirts,Blue,Fall,2011.0,Casual,United Colors of Benetton Men Check Blue Shirt,19717.jpg
8795,Men,Apparel,Topwear,Shirts,Red,Fall,2011.0,Casual,Scullers Men Red Shirt,8795.jpg
37743,Men,Apparel,Topwear,Shirts,Grey,Summer,2012.0,Casual,John Players Men Stripes Grey Shirt,37743.jpg
12185,Men,Apparel,Topwear,Shirts,Black,Fall,2011.0,Casual,Basics Men Black Slim Fit Shirt,12185.jpg
23037,Men,Apparel,Topwear,Shirts,Black,Fall,2011.0,Formal,Arrow Men Black Striped Shirt,23037.jpg
21023,Men,Apparel,Topwear,Shirts,White,Fall,2011.0,Casual,Black Coffee Men White Check Shirt,21023.jpg
14642,Men,Apparel,Topwear,Shirts,Black,Fall,2011.0,Casual,Probase Men Bold Check Black Shirts,14642.jpg
9599,Men,Apparel,Topwear,Shirts,Navy Blue,Fall,2011.0,Formal,Scullers Men Navy Blue Shirts,9599.jpg
8804,Men,Apparel,Topwear,Shirts,Red,Fall,2011.0,Casual,Scullers Men Scul White Gingham Red Shirt,8804.jpg
9570,Men,Apparel,Topwear,Shirts,Blue,Fall,2011.0,Formal,John Miller Men Solid Light Blue Shirt,9570.jpg
51420,Men,Apparel,Topwear,Shirts,Blue,Summer,2012.0,Casual,Myntra Men Blue Shirt,51420.jpg
11413,Men,Apparel,Topwear,Shirts,Olive,Fall,2011.0,Casual,United Colors of Benetton Men Olive Shirts,11413.jpg
27176,Men,Apparel,Topwear,Shirts,White,Summer,2012.0,Formal,Mark Taylor Men Striped White Shirt,27176.jpg
11107,Men,Apparel,Topwear,Shirts,Blue,Fall,2011.0,Formal,Indigo Nation Men Stripes Blue Shirt,11107.jpg
51854,Men,Apparel,Topwear,Shirts,Blue,Summer,2012.0,Casual,Highlander Men Check Blue Shirt,51854.jpg
29648,Men,Apparel,Topwear,Shirts,Grey,Summer,2012.0,Formal,Indigo Nation Men Grey Striped Shirt,29648.jpg
30796,Men,Apparel,Topwear,Shirts,Maroon,Summer,2012.0,Ethnic,Fabindia Men Striped Maroon Shirt,30796.jpg
19201,Men,Apparel,Topwear,Shirts,Black,Fall,2011.0,Casual,United Colors of Benetton Men Check Black Shirt,19201.jpg
15998,Men,Apparel,Topwear,Shirts,Brown,Fall,2011.0,Casual,Turtle Check Men Brown Shirt,15998.jpg
2136,Men,Apparel,Topwear,Shirts,Navy Blue,Spring,2011.0,Casual,Basics Men Blue & White Slim Fit Checked Shirt,2136.jpg
14716,Men,Apparel,Topwear,Shirts,White,Fall,2011.0,Formal,Indigo Nation Men Formal Shirt White Shirts,14716.jpg
33232,Men,Apparel,Topwear,Shirts,Blue,Fall,2012.0,Formal,Arrow Men Striped Blue Shirt,33232.jpg
16459,Men,Apparel,Topwear,Shirts,Red,Fall,2011.0,Casual,Locomotive Men Check Red Shirt,16459.jpg
46393,Men,Apparel,Topwear,Shirts,Olive,Summer,2012.0,Casual,ADIDAS Men Olive Shirt,46393.jpg
15907,Men,Apparel,Topwear,Shirts,White,Fall,2011.0,Formal,Black Coffee Men Check White Shirt,15907.jpg
5954,Men,Apparel,Topwear,Shirts,Pink,Summer,2011.0,Casual,Locomotive Men Pink Stripe Shirt,5954.jpg
8790,Men,Apparel,Topwear,Shirts,White,Fall,2011.0,Formal,Indigo Nation Men Price catch Black White Shirts,8790.jpg
44672,Women,Apparel,Topwear,Shirts,Blue,Winter,2013.0,Formal,Wills Lifestyle Women Blue Striped Formal Shirt,44672.jpg
41384,Women,Apparel,Topwear,Shirts,Pink,Summer,2012.0,Casual,Wrangler Women Pink Shirt,41384.jpg
33968,Women,Apparel,Topwear,Shirts,Gold,Summer,2012.0,Casual,Femella Women Gold Shirt,33968.jpg
33994,Women,Apparel,Topwear,Shirts,White,Summer,2012.0,Casual,Femella Women Off-White Shirt,33994.jpg
43629,Women,Apparel,Topwear,Shirts,Black,Summer,2012.0,Casual,Vero Moda Women Black Shirt,43629.jpg
40460,Men,Footwear,Shoes,Sports Shoes,Black,Summer,2012.0,Sports,FILA Men Black Change The Game Sports Shoes,40460.jpg
25584,Men,Footwear,Shoes,Sports Shoes,Black,Summer,2012.0,Sports,Fila Men Redemption Black Sports Shoes,25584.jpg
29267,Men,Footwear,Shoes,Sports Shoes,Blue,Summer,2012.0,Sports,ADIDAS Men Predito Blue Sports Shoes,29267.jpg
29227,Men,Footwear,Shoes,Sports Shoes,Black,Summer,2012.0,Sports,ADIDAS Men Mactelo Black Sports Shoes,29227.jpg
28655,Men,Footwear,Shoes,Sports Shoes,White,Summer,2012.0,Sports,Nike Men Zoom Structure White Sports Shoes,28655.jpg
3366,Men,Footwear,Shoes,Sports Shoes,White,Spring,2011.0,Sports,Asics Men's Gel Strike 2 Running White Silver Shoe,3366.jpg
43233,Men,Footwear,Shoes,Sports Shoes,Grey,Summer,2012.0,Sports,Reebok Men Grey Acer Sports Shoes,43233.jpg
6380,Men,Footwear,Shoes,Sports Shoes,Black,Summer,2011.0,Sports,Puma Men's Future Cat Remix Black Shoe,6380.jpg
25468,Men,Footwear,Shoes,Sports Shoes,White,Spring,2013.0,Sports,Nike Men White Ballista Sports Shoes,25468.jpg
53874,Men,Footwear,Shoes,Sports Shoes,White,Fall,2012.0,Sports,Puma MenSpeeder Ind White Sports Shoes,53874.jpg
23835,Men,Footwear,Shoes,Sports Shoes,Grey,Fall,2011.0,Sports,ADIDAS Men Grey Portland Sports Shoes,23835.jpg
13182,Men,Footwear,Shoes,Sports Shoes,Black,Fall,2011.0,Sports,FILA Men Dls Maxim Black Sports Shoes,13182.jpg
31208,Men,Footwear,Shoes,Sports Shoes,Purple,Summer,2012.0,Sports,Nike Men Mercurial Victory Purple Sports Shoes,31208.jpg
1841,Men,Footwear,Shoes,Sports Shoes,White,Fall,2010.0,Sports,Puma Men's Calibre Convertible Spike Shoe,1841.jpg
39636,Men,Footwear,Shoes,Sports Shoes,White,Summer,2012.0,Sports,Lotto Men White Sports Shoes,39636.jpg
5391,Men,Footwear,Shoes,Sports Shoes,Blue,,2011.0,Sports,Kalenji Kiprun 2000 Blue Ah10,5391.jpg
28637,Men,Footwear,Shoes,Sports Shoes,Black,Summer,2012.0,Sports,Nike Men Air Relentless Black Sports Shoes,28637.jpg
6682,Men,Footwear,Shoes,Sports Shoes,Black,Summer,2011.0,Sports,Nike Men's Air Max 90 Black Shoe,6682.jpg
5359,Men,Footwear,Shoes,Sports Shoes,White,Summer,2011.0,Sports,Kipsta F300 Tf Sr Ah09,5359.jpg
8084,Men,Footwear,Shoes,Sports Shoes,White,Fall,2011.0,Sports,ADIDAS Men Uraha 3 M White Sports Shoes,8084.jpg
34850,Men,Footwear,Shoes,Sports Shoes,White,Summer,2012.0,Sports,ADIDAS Men Falcon Elite White Sports Shoes,34850.jpg
36460,Men,Footwear,Shoes,Sports Shoes,White,Summer,2013.0,Sports,Spinn Men Texan White Sports Shoes,36460.jpg
23489,Men,Footwear,Shoes,Sports Shoes,Black,Fall,2011.0,Sports,FILA Men Forza 11 Black Sports Shoes,23489.jpg
3496,Men,Footwear,Shoes,Sports Shoes,Black,Summer,2011.0,Sports,ADIDAS Men's Galaxy Pillars Black Sun Shoe,3496.jpg
43343,Men,Footwear,Shoes,Sports Shoes,White,Summer,2013.0,Sports,Reebok Men White Sports Shoes,43343.jpg
44614,Men,Footwear,Shoes,Sports Shoes,Black,Spring,2013.0,Sports,Salomon Men Black Synapse Mid Sports Shoes,44614.jpg
24452,Men,Footwear,Shoes,Sports Shoes,White,Summer,2012.0,Sports,Nike Men White Court Shuttle IV Sports Shoes,24452.jpg
6752,Men,Footwear,Shoes,Sports Shoes,White,Summer,2012.0,Sports,Nike Men's Air Zoom Yorker White Shoe,6752.jpg
5731,Men,Footwear,Shoes,Sports Shoes,Silver,Summer,2011.0,Sports,Reebok Men's Instant Silver Shoe,5731.jpg
39904,Men,Footwear,Shoes,Sports Shoes,Red,Summer,2012.0,Sports,ADIDAS Men Red Adipure Sports Shoes,39904.jpg
39890,Men,Footwear,Shoes,Sports Shoes,White,Fall,2013.0,Sports,ADIDAS Men White Desma Sports Shoes,39890.jpg
18667,Men,Footwear,Shoes,Sports Shoes,Grey,Fall,2011.0,Sports,Fila Men Grey & Black Sports Shoes,18667.jpg
44402,Men,Footwear,Shoes,Sports Shoes,White,Fall,2012.0,Sports,Force 10 Men White Sports Shoes,44402.jpg
29124,Men,Footwear,Shoes,Sports Shoes,Black,Fall,2012.0,Sports,Puma Men Aquil Black Sports Shoes,29124.jpg
8103,Men,Footwear,Shoes,Sports Shoes,Black,Fall,2011.0,Sports,ADIDAS Men's Barricade Team Black Silver Red Shoe,8103.jpg
10113,Men,Footwear,Shoes,Sports Shoes,White,Fall,2011.0,Sports,Reebok Men Run Sheer White Sports Shoes,10113.jpg
9109,Unisex,Footwear,Shoes,Sports Shoes,Black,Summer,2012.0,Sports,Puma Unisex Faas 300 Black Sports Shoes,9109.jpg
13982,Women,Footwear,Shoes,Sports Shoes,Black,Fall,2011.0,Sports,Puma Women Speeder Wn's Black Sports Shoes,13982.jpg
31977,Women,Footwear,Shoes,Sports Shoes,Olive,Summer,2012.0,Sports,Nike Women Lunarswift +3 Olive Sports Shoes,31977.jpg
41827,Women,Footwear,Shoes,Sports Shoes,White,Summer,2012.0,Sports,Skechers Women White Sports Shoes,41827.jpg
42989,Women,Footwear,Shoes,Sports Shoes,Black,Summer,2012.0,Sports,Nike Women Black Fivekay Sports Shoes,42989.jpg
38675,Women,Footwear,Shoes,Sports Shoes,White,Fall,2012.0,Sports,Nike Women Diffusion White Sports Shoes,38675.jpg
24836,Women,Footwear,Shoes,Sports Shoes,Grey,Fall,2011.0,Sports,New Balance Women Grey Sports Shoes,24836.jpg
5569,Women,Footwear,Shoes,Sports Shoes,Grey,Summer,2011.0,Sports,Nike Women Zoom Vomero Grey Purple White Shoe,5569.jpg
13992,Women,Footwear,Shoes,Sports Shoes,Grey,Fall,2011.0,Sports,Puma Women Body Train Grey Sports Shoes,13992.jpg
13168,Women,Footwear,Shoes,Sports Shoes,Grey,Fall,2011.0,Sports,Skechers Women Smart Grey Sports Shoes,13168.jpg
23714,Men,Accessories,Eyewear,Sunglasses,Steel,Winter,2016.0,Casual,Ray-Ban Men Aviator Sunglasses,23714.jpg
29876,Men,Accessories,Eyewear,Sunglasses,Metallic,Winter,2016.0,Casual,Mayhem Men Rectangular Sunglasses 1021-205d,29876.jpg
48229,Men,Accessories,Eyewear,Sunglasses,Black,Winter,2016.0,Casual,United Colors of Benetton Men Black Sunglasses,48229.jpg
28287,Men,Accessories,Eyewear,Sunglasses,Black,Winter,2016.0,Casual,Fastrack Men Black Sunglasses,28287.jpg
28209,Men,Accessories,Eyewear,Sunglasses,Black,Winter,2016.0,Casual,Ray-Ban Men High Street Black Sunglasses,28209.jpg
28425,Men,Accessories,Eyewear,Sunglasses,Pink,Winter,2016.0,Casual,Idee Men Pink Sunglasses,28425.jpg
28346,Men,Accessories,Eyewear,Sunglasses,Brown,Winter,2016.0,Casual,Idee Men Brown Sunglasses,28346.jpg
28155,Men,Accessories,Eyewear,Sunglasses,White,Winter,2016.0,Casual,Ray-Ban Men New Wayfarer White Sunglasses,28155.jpg
21342,Men,Accessories,Eyewear,Sunglasses,Silver,Winter,2016.0,Casual,Pal Zileri Men Casual Metalic Frame Sunglasses,21342.jpg
28310,Men,Accessories,Eyewear,Sunglasses,Steel,Winter,2016.0,Casual,Fastrack Men Silver Sunglasses,28310.jpg
21346,Men,Accessories,Eyewear,Sunglasses,Gold,Winter,2016.0,Casual,Pal Zileri Men Casual Gold Frame Sunglasses,21346.jpg
16109,Men,Accessories,Eyewear,Sunglasses,Brown,Winter,2016.0,Casual,M tv Men My Fab Eyewear Brown Sunglasses,16109.jpg
30668,Men,Accessories,Eyewear,Sunglasses,Black,Winter,2016.0,Casual,Park Avenue Men Black Sunglasses,30668.jpg
8649,Unisex,Accessories,Eyewear,Sunglasses,Brown,Winter,2016.0,Casual,Fastrack Unisex Bikers Sunglasses P040BR2,8649.jpg
8614,Unisex,Accessories,Eyewear,Sunglasses,Brown,Winter,2016.0,Casual,Fastrack Unisex Brown Gradient Sunglasses,8614.jpg
8699,Women,Accessories,Eyewear,Sunglasses,Purple,Winter,2016.0,Casual,Fastrack Women Sunglasses P172PR3F,8699.jpg
8701,Women,Accessories,Eyewear,Sunglasses,Black,Winter,2016.0,Casual,Fastrack Women Basics Black Sunglasses,8701.jpg
29890,Women,Accessories,Eyewear,Sunglasses,Pink,Winter,2016.0,Casual,Mayhem Women Sunglasses 1015-162,29890.jpg
48223,Women,Accessories,Eyewear,Sunglasses,Brown,Winter,2016.0,Casual,United Colors of Benetton Women Brown Sunglasses,48223.jpg
38217,Women,Accessories,Eyewear,Sunglasses,Brown,Winter,2016.0,Casual,Polaroid Women Sunglasses,38217.jpg
16872,Women,Accessories,Eyewear,Sunglasses,Brown,Winter,2016.0,Casual,Idee Women Funky Eyewear Brown Sunglasses,16872.jpg
8623,Women,Accessories,Eyewear,Sunglasses,Brown,Winter,2016.0,Casual,Fastrack Women FT Girl Sunglasses,8623.jpg
8684,Women,Accessories,Eyewear,Sunglasses,Brown,Winter,2016.0,Casual,Fastrack Women FT Girl Polarised Sunglasses P150BR4PF,8684.jpg
21304,Women,Accessories,Eyewear,Sunglasses,Brown,Winter,2016.0,Casual,Celine Dion Women Brown Frame Sunglasses,21304.jpg
3809,Boys,Apparel,Topwear,Tshirts,Red,Summer,2011.0,Casual,Disney Kids Boy's He Is Behind You Red Kidswear,3809.jpg
8330,Boys,Apparel,Topwear,Tshirts,White,Fall,2011.0,Casual,Doodle Boy's Car Print White Green Blue Kidswear,8330.jpg
33141,Boys,Apparel,Topwear,Tshirts,Green,Summer,2012.0,Casual,Palm Tree Boys Printed Green T-shirt,33141.jpg
35995,Boys,Apparel,Topwear,Tshirts,Purple,Summer,2012.0,Casual,Ben 10 Boys Crew Purple T-shirt,35995.jpg
54958,Boys,Apparel,Topwear,Tshirts,Green,Summer,2012.0,Casual,Do u speak green Boys Green T-shirt,54958.jpg
31156,Boys,Apparel,Topwear,Tshirts,Blue,Summer,2012.0,Casual,Gini and Jony Boys Blue T-shirt,31156.jpg
5420,Boys,Apparel,Topwear,Tshirts,Blue,Summer,2011.0,Casual,Ant Kids Boy's Love This Game Blue Kidswear,5420.jpg
39858,Boys,Apparel,Topwear,Tshirts,Yellow,Summer,2012.0,Casual,Gini and Jony Boys Printed Yellow T-Shirt,39858.jpg
40984,Boys,Apparel,Topwear,Tshirts,White,Summer,2012.0,Casual,Gini and Jony Boys United White T-shirt,40984.jpg
40136,Boys,Apparel,Topwear,Tshirts,White,Summer,2012.0,Casual,Gini and Jony Boys Around The World White T-shirt,40136.jpg
36719,Boys,Apparel,Topwear,Tshirts,Black,Summer,2012.0,Casual,Gini and Jony Boys Printed Black T-Shirt,36719.jpg
43690,Boys,Apparel,Topwear,Tshirts,Red,Summer,2012.0,Casual,Doodle Boys Printed Red T-shirt,43690.jpg
8385,Girls,Apparel,Topwear,Tshirts,Orange,Fall,2011.0,Casual,Doodle Girl's Hippie Chic Orange Teen Kidswear,8385.jpg
37603,Girls,Apparel,Topwear,Tshirts,Purple,Summer,2012.0,Casual,Madagascar3 Girls Purple Printed T-Shirt,37603.jpg
8375,Girls,Apparel,Topwear,Tshirts,Blue,Fall,2011.0,Casual,Doodle Girl's Dont Worry Hippie Blue Teen Kidswear,8375.jpg
10692,Men,Apparel,Topwear,Tshirts,Red,Fall,2011.0,Casual,Doodle Boy Casual Red Tshirts,10692.jpg
32962,Men,Apparel,Topwear,Tshirts,Black,Summer,2012.0,Casual,Angry Birds Men Printed Black T-shirt,32962.jpg
30322,Men,Apparel,Topwear,Tshirts,Teal,Summer,2012.0,Casual,Myntra Men Hawai 2 Teal T-shirt,30322.jpg
14291,Men,Apparel,Topwear,Tshirts,Blue,Fall,2011.0,Casual,Classic Polo Men Stripes Blue Tshirts,14291.jpg
13226,Men,Apparel,Topwear,Tshirts,Brown,Fall,2011.0,Casual,Palm Tree Kids Boys Printed Brown Tshirts,13226.jpg
1904,Men,Apparel,Topwear,Tshirts,Blue,Winter,2010.0,Sports,FIFA Men Brazil Blue & Yellow Jersey,1904.jpg
7891,Men,Apparel,Topwear,Tshirts,Cream,Fall,2011.0,Casual,Proline Men Pack of 3 T-shirts,7891.jpg
12502,Men,Apparel,Topwear,Tshirts,Red,Fall,2011.0,Casual,United Colors of Benetton Men Short Red Tshirts,12502.jpg
38645,Men,Apparel,Topwear,Tshirts,White,Summer,2012.0,Casual,Nike Men White Jdi City T-Shirt,38645.jpg
7296,Men,Apparel,Topwear,Tshirts,Grey,Fall,2011.0,Casual,Free Authority Men's Don't Stop Can't Stop Grey T-shirt,7296.jpg
53793,Men,Apparel,Topwear,Tshirts,Black,Summer,2012.0,Casual,Puma Men Black Ferrari T-shirt,53793.jpg
6778,Men,Apparel,Topwear,Tshirts,Blue,Summer,2011.0,Casual,Timberland Men's Pique Polo Blue T-shirt,6778.jpg
32925,Men,Apparel,Topwear,Tshirts,Black,Summer,2012.0,Casual,Status Quo Men Printed Black T-shirt,32925.jpg
6219,Men,Apparel,Topwear,Tshirts,White,Summer,2011.0,Casual,Lee Men's Quill White T-shirt,6219.jpg
18989,Men,Apparel,Topwear,Tshirts,Blue,Summer,2011.0,Casual,ADIDAS Originals Men AC Grp Blue Tshirt,18989.jpg
24015,Men,Apparel,Topwear,Tshirts,Black,Fall,2011.0,Casual,Locomotive Men Printed Black T-shirt,24015.jpg
46404,Men,Apparel,Topwear,Tshirts,Blue,Summer,2012.0,Casual,ADIDAS Men Blue Printed T-shirt,46404.jpg
3717,Men,Apparel,Topwear,Tshirts,Brown,Summer,2011.0,Casual,Lee Men's Brown Polo T-shirt,3717.jpg
10412,Men,Apparel,Topwear,Tshirts,Grey,Fall,2011.0,Casual,United Colors of Benetton Men Printed Grey Tshirts,10412.jpg
34355,Men,Apparel,Topwear,Tshirts,Blue,Summer,2012.0,Casual,Myntra Men Blue Jazzy Move Printed T-shirt,34355.jpg
12933,Men,Apparel,Topwear,Tshirts,Green,Fall,2011.0,Casual,Classic Polo Men Broad Stripes Green Tshirts,12933.jpg
2760,Men,Apparel,Topwear,Tshirts,Black,Summer,2011.0,Casual,Classic Polo Men's Black-Grey T-shirt,2760.jpg
40044,Men,Apparel,Topwear,Tshirts,Black,Summer,2012.0,Casual,ADIDAS Men Black T-shirt,40044.jpg
29036,Men,Apparel,Topwear,Tshirts,Green,Summer,2012.0,Casual,ADIDAS Men Printed Green T-shirt,29036.jpg
31581,Men,Apparel,Topwear,Tshirts,Blue,Summer,2012.0,Casual,Mark Taylor Men Printed Blue T-shirt,31581.jpg
32981,Men,Apparel,Topwear,Tshirts,Red,Summer,2012.0,Casual,Mr. Men Printed Red T-shirt,32981.jpg
1563,Men,Apparel,Topwear,Tshirts,Blue,Fall,2010.0,Sports,Quechua Men Sweat Proof Blue T-shirt,1563.jpg
5203,Men,Apparel,Topwear,Tshirts,Red,Summer,2011.0,Casual,Mickey Men's The Original Red T-shirt,5203.jpg
6715,Men,Apparel,Topwear,Tshirts,White,Summer,2011.0,Casual,Locomotive Men's Black Print White T-shirt,6715.jpg
3085,Men,Apparel,Topwear,Tshirts,Yellow,Summer,2011.0,Casual,Probase Men's Standing Out Yellow T-shirt,3085.jpg
37148,Men,Apparel,Topwear,Tshirts,Grey,Summer,2016.0,Casual,Campbell Men Pack of 3 T-shirt,37148.jpg
19807,Men,Apparel,Topwear,Tshirts,White,Winter,2016.0,Casual,U.S. Polo Assn. Men Solid White Tshirt,19807.jpg
2004,Men,Apparel,Topwear,Tshirts,Red,Fall,2010.0,Sports,ADIDAS Mens Red T-shirt,2004.jpg
6021,Men,Apparel,Topwear,Tshirts,Blue,Summer,2011.0,Casual,UCB Men's Johny Collar With Two Tone Dark Blue T-shirt,6021.jpg
9983,Men,Apparel,Topwear,Tshirts,Blue,Fall,2011.0,Sports,Nike Men As Ss Challen Blue T-Shirts,9983.jpg
20334,Men,Apparel,Topwear,Tshirts,Blue,Fall,2011.0,Casual,Mr.Men Men Printed Blue Tshirt,20334.jpg
40092,Men,Apparel,Topwear,Tshirts,Navy Blue,Summer,2012.0,Sports,ADIDAS Men Navy Blue T-shirt,40092.jpg
43056,Men,Apparel,Topwear,Tshirts,Black,Summer,2012.0,Casual,Nike Men Black Speed Cricket T-shirt,43056.jpg
28930,Men,Apparel,Topwear,Tshirts,Red,Summer,2012.0,Casual,Mr. Men Printed Red T-shirt,28930.jpg
7513,Men,Apparel,Topwear,Tshirts,Red,Summer,2011.0,Sports,Nike Men's As Explosive Red T-shirt,7513.jpg
20295,Men,Apparel,Topwear,Tshirts,Blue,Fall,2010.0,Casual,Flying Machine Men Printed Blue Tshirt,20295.jpg
2202,Men,Apparel,Topwear,Tshirts,White,Fall,2010.0,Sports,Adidas Men White Polo T-shirt,2202.jpg
7888,Men,Apparel,Topwear,Tshirts,Grey,Fall,2011.0,Casual,Proline Men Pack of 3 T-shirts,7888.jpg
7013,Men,Apparel,Topwear,Tshirts,Blue,Summer,2011.0,Casual,s.Oliver Men's Surefunk Records Blue T-shirt,7013.jpg
10452,Men,Apparel,Topwear,Tshirts,Grey,Fall,2011.0,Casual,Flying Machine Men HS Grey Tshirts,10452.jpg
24150,Men,Apparel,Topwear,Tshirts,Red,Spring,2012.0,Casual,ADIDAS Men Red T-shirt,24150.jpg
3451,Men,Apparel,Topwear,Tshirts,White,Fall,2010.0,Sports,ADIDAS Men's Delhi Daredevils Graphic White T-shirt,3451.jpg
3761,Men,Apparel,Topwear,Tshirts,White,Summer,2011.0,Casual,Status Quo Men's Harbour Island White T-shirt,3761.jpg
41411,Men,Apparel,Topwear,Tshirts,Black,Summer,2012.0,Casual,Wrangler Men Black Polo T-shirt,41411.jpg
17509,Men,Apparel,Topwear,Tshirts,Blue,Fall,2011.0,Casual,Classic Polo Men Stripes Blue Polo T-Shirt,17509.jpg
7827,Men,Apparel,Topwear,Tshirts,Burgundy,Fall,2011.0,Casual,Proline Men Burgundy Printed T-shirt,7827.jpg
13432,Men,Apparel,Topwear,Tshirts,White,Summer,2011.0,Casual,United Colors of Benetton Men Printed White Tshirts,13432.jpg
4356,Men,Apparel,Topwear,Tshirts,Green,Summer,2011.0,Casual,DC Comics Men's Comic Book Olive T-shirt,4356.jpg
5661,Men,Apparel,Topwear,Tshirts,Black,Summer,2011.0,Casual,Tantra Men Absolut Bangalore Black T-shirt,5661.jpg
24050,Men,Apparel,Topwear,Tshirts,Blue,Fall,2011.0,Casual,Locomotive Men Printed Blue T-shirt,24050.jpg
2743,Men,Apparel,Topwear,Tshirts,White,Summer,2011.0,Casual,Classic Polo Men's White T-shirt,2743.jpg
7517,Men,Apparel,Topwear,Tshirts,Yellow,Summer,2011.0,Sports,Nike Men's As Icon Yellow T-shirt,7517.jpg
2023,Men,Apparel,Topwear,Tshirts,Grey,Fall,2010.0,Sports,ADIDAS Mens Chrome Graphic T-shirt,2023.jpg
4357,Men,Apparel,Topwear,Tshirts,Green,Summer,2011.0,Casual,DC Comics Men's Green Lantern T-shirt,4357.jpg
28992,Men,Apparel,Topwear,Tshirts,Navy Blue,Summer,2012.0,Casual,Status Quo Men Navy Blue Polo T-shirt,28992.jpg
20336,Men,Apparel,Topwear,Tshirts,Black,Fall,2015.0,Sports,Nike Black Legend      Training  Tshirts,20336.jpg
6023,Men,Apparel,Topwear,Tshirts,Green,Summer,2011.0,Casual,UCB Men's Johny Collar With Two Tone Green T-shirt,6023.jpg
7451,Men,Apparel,Topwear,Tshirts,White,Summer,2011.0,Casual,Proline Men White Polo T-shirt,7451.jpg
26275,Men,Apparel,Topwear,Tshirts,White,Summer,2012.0,Casual,Proline Men White Polo T-shirt,26275.jpg
5514,Men,Apparel,Topwear,Tshirts,Grey,Summer,2011.0,Casual,Probase Men's Crack Print Reign Of Rock & Roll Grey T-shirt,5514.jpg
3282,Men,Apparel,Topwear,Tshirts,Purple,Summer,2011.0,Casual,Guerrilla Men's Army Of God Purple T-shirt,3282.jpg
2684,Men,Apparel,Topwear,Tshirts,Purple,Summer,2011.0,Casual,Inkfruit Men's City Beats Violet T-shirt,2684.jpg
4406,Men,Apparel,Topwear,Tshirts,Black,Summer,2011.0,Casual,John Lenon Men's Working Class Hero Black T-shirt,4406.jpg
5658,Men,Apparel,Topwear,Tshirts,Mustard,Summer,2011.0,Casual,Tantra Men Freddie Mustard T-shirt,5658.jpg
16295,Men,Apparel,Topwear,Tshirts,Yellow,Fall,2011.0,Casual,Peter England Men Stripes Yellow Polo T-Shirt,16295.jpg
31249,Men,Apparel,Topwear,Tshirts,Grey,Summer,2012.0,Casual,Puma Men Grey Polo T-shirt,31249.jpg
7462,Men,Apparel,Topwear,Tshirts,Grey,Summer,2011.0,Casual,Proline Men Grey Printed T-shirt,7462.jpg
7025,Men,Apparel,Topwear,Tshirts,Blue,Summer,2011.0,Casual,s.Oliver Men's All you Need Blue T-shirt,7025.jpg
11738,Men,Apparel,Topwear,Tshirts,Blue,Fall,2011.0,Casual,Lee Men Stripes Blue T-shirt,11738.jpg
29553,Men,Apparel,Topwear,Tshirts,Green,Summer,2012.0,Casual,Classic Polo Men Green T-shirt,29553.jpg
43059,Men,Apparel,Topwear,Tshirts,Blue,Summer,2012.0,Casual,Nike Men Blue FFF Football T-shirt,43059.jpg
23966,Men,Apparel,Topwear,Tshirts,Purple,Fall,2011.0,Casual,Peter England Men Purple Printed T-shirt,23966.jpg
32439,Men,Apparel,Topwear,Tshirts,Black,Summer,2012.0,Sports,ADIDAS Men Black T-shirt,32439.jpg
13419,Men,Apparel,Topwear,Tshirts,Pink,Summer,2011.0,Casual,United Colors of Benetton Men Solid Pink Polo T-shirts,13419.jpg
6569,Men,Apparel,Topwear,Tshirts,White,Summer,2011.0,Sports,Nike Men's Challenger Logo White T-shirt,6569.jpg
18621,Men,Apparel,Topwear,Tshirts,Black,Fall,2011.0,Casual,Puma Men Team Essential Polo Black Tshirts,18621.jpg
7213,Men,Apparel,Topwear,Tshirts,Green,Fall,2011.0,Casual,Scullers Men's Scul Green T-shirt,7213.jpg
31251,Men,Apparel,Topwear,Tshirts,White,Summer,2012.0,Casual,Puma Men Dizzy Graphic White T-shirt,31251.jpg
18845,Men,Apparel,Topwear,Tshirts,Red,Fall,2011.0,Casual,Puma Men Graphic Print Red Tshirt,18845.jpg
30334,Men,Apparel,Topwear,Tshirts,Black,Summer,2012.0,Casual,Myntra Men Your Idea Sucks Black T-shirt,30334.jpg
6226,Men,Apparel,Topwear,Tshirts,Pink,Summer,2011.0,Casual,Lee Men's Medal Pink Granite T-shirt,6226.jpg
7669,Men,Apparel,Topwear,Tshirts,White,Fall,2011.0,Sports,Puma Men's Round Neck White T-shirt,7669.jpg
28479,Men,Apparel,Topwear,Tshirts,Black,Summer,2012.0,Casual,Urban Yoga Men Printed Black T-shirt,28479.jpg
19571,Men,Apparel,Topwear,Tshirts,Black,Summer,2011.0,Casual,United Colors of Benetton Men Printed Black TShirt,19571.jpg
27584,Men,Apparel,Topwear,Tshirts,White,Summer,2012.0,Casual,Scullers  Men White T-shirt,27584.jpg
13707,Men,Apparel,Topwear,Tshirts,Red,Fall,2011.0,Casual,Proline Mens Solid Red Polo Tshirt,13707.jpg
4228,Men,Apparel,Topwear,Tshirts,Maroon,Summer,2011.0,Casual,Probase Men's Outdoor Event Maroon Tshirt,4228.jpg
6026,Men,Apparel,Topwear,Tshirts,Black,Summer,2011.0,Casual,UCB Men's Polo Neck With Big Ben Logo Black T-shirt,6026.jpg
38605,Men,Apparel,Topwear,Tshirts,Yellow,Summer,2012.0,Casual,Nike Men Yellow Eligible Athlete T-shirt,38605.jpg
16704,Men,Apparel,Topwear,Tshirts,Navy Blue,Fall,2011.0,Casual,Fila Men High Density Navy Blue Tshirt,16704.jpg
9962,Men,Apparel,Topwear,Tshirts,Red,Fall,2011.0,Sports,Nike Men Medals Crew Red T-Shirts,9962.jpg
33069,Men,Apparel,Topwear,Tshirts,Blue,Summer,2012.0,Casual,U.S.Polo Assn. Men Blue Polo T-shirt,33069.jpg
6690,Men,Apparel,Topwear,Tshirts,Red,Summer,2011.0,Casual,UCB Men's United Colors Flock Red T-shirt,6690.jpg
17933,Men,Apparel,Topwear,Tshirts,Red,Fall,2011.0,Casual,Puma Men Ferrari Logo Tee II Red Tshirt,17933.jpg
1938,Men,Apparel,Topwear,Tshirts,Blue,Fall,2010.0,Casual,Puma Men's Jamaica Jam Blues T-shirt,1938.jpg
2183,Men,Apparel,Topwear,Tshirts,Grey,Spring,2011.0,Casual,Probase Men Grey T-shirt,2183.jpg
31298,Men,Apparel,Topwear,Tshirts,Black,Summer,2012.0,Casual,Puma Men Glyth Black T-shirt,31298.jpg
30312,Men,Apparel,Topwear,Tshirts,Red,Summer,2012.0,Casual,Myntra Men Viva Las Vegas Red T-shirt,30312.jpg
45534,Men,Apparel,Topwear,Tshirts,White,Summer,2012.0,Casual,Fila Men White T-shirt,45534.jpg
4038,Men,Apparel,Topwear,Tshirts,Blue,Summer,2011.0,Sports,Puma Men's Rajasthan Royals Blue T-shirt,4038.jpg
24337,Men,Apparel,Topwear,Tshirts,Red,Fall,2011.0,Casual,ADIDAS Men Red T-shirt,24337.jpg
29789,Men,Apparel,Topwear,Tshirts,Pink,Summer,2013.0,Casual,Basics Men Pack of 3 T-shirt,29789.jpg
7596,Men,Apparel,Topwear,Tshirts,Yellow,Summer,2011.0,Sports,Nike Men's As Nike Rpeat T-Shirt,7596.jpg
7554,Men,Apparel,Topwear,Tshirts,Blue,Summer,2011.0,Sports,Nike Men's As Walkthrough Black-Grey T-shirt,7554.jpg
22594,Men,Apparel,Topwear,Tshirts,Navy Blue,Fall,2011.0,Sports,Nike Men Navy Blue T-shirt,22594.jpg
23872,Men,Apparel,Topwear,Tshirts,White,Summer,2011.0,Casual,ADIDAS Men White Polo T-shirt,23872.jpg
2316,Men,Apparel,Topwear,Tshirts,Green,Fall,2010.0,Sports,Nike Mens Athletic Green T-shirt,2316.jpg
4390,Men,Apparel,Topwear,Tshirts,White,Summer,2011.0,Casual,Free Authority Men's Retro Music White T-shirt,4390.jpg
44835,Men,Apparel,Topwear,Tshirts,Grey,Summer,2012.0,Sports,Puma Men Grey Training T-shirt,44835.jpg
3734,Men,Apparel,Topwear,Tshirts,Purple,Summer,2011.0,Sports,Kochi Tuskers Mens Replica Jersey,3734.jpg
12582,Unisex,Apparel,Topwear,Tshirts,White,Fall,2011.0,Casual,Tantra Unisex Printed White Tshirts,12582.jpg
12802,Women,Apparel,Topwear,Tshirts,Green,Fall,2011.0,Casual,Nike Women Flower Green Tshirts,12802.jpg
3900,Women,Apparel,Topwear,Tshirts,Pink,Summer,2011.0,Casual,Disney Kids Girl Pooh Pink And White Top,3900.jpg
16212,Women,Apparel,Topwear,Tshirts,Black,Fall,2011.0,Casual,Puma Women Move Graphic Black TShirt,16212.jpg
6070,Women,Apparel,Topwear,Tshirts,Blue,Summer,2011.0,Casual,UCB Women's Young Pigment Blue T-shirt,6070.jpg
20374,Women,Apparel,Topwear,Tshirts,Black,Fall,2011.0,Casual,Urban Yoga Women Printed Black Tshirt,20374.jpg
26941,Women,Apparel,Topwear,Tshirts,Lavender,Summer,2012.0,Casual,Jealous 21 Women Printed Lavender T-shirt,26941.jpg
41400,Women,Apparel,Topwear,Tshirts,Navy Blue,Summer,2012.0,Casual,Wrangler Women Navy Blue T-shirt,41400.jpg
2300,Women,Apparel,Topwear,Tshirts,Pink,Fall,2010.0,Sports,Nike Women Pink Polo T-shirt,2300.jpg
57159,Women,Apparel,Topwear,Tshirts,Peach,Summer,2012.0,Casual,Elle Women Coral Essentials T-shirt,57159.jpg
6255,Women,Apparel,Topwear,Tshirts,White,Summer,2011.0,Casual,Lee Women's Byonce White T-shirt,6255.jpg
5884,Women,Apparel,Topwear,Tshirts,Black,Summer,2011.0,Casual,Puma Women Classic Black Top,5884.jpg
1809,Women,Apparel,Topwear,Tshirts,Blue,Fall,2010.0,Sports,Decathlon Profilter Women Blue T-shirt,1809.jpg
10348,Women,Apparel,Topwear,Tshirts,Yellow,Fall,2011.0,Casual,United Colors of Benetton Women Printed Yellow T-shirt,10348.jpg
5175,Women,Apparel,Topwear,Tshirts,White,Summer,2011.0,Casual,Inkfruit Women's Face Book White T-shirt,5175.jpg
37282,Women,Apparel,Topwear,Tshirts,Purple,Summer,2012.0,Casual,Tantra Women Purple Prima Donna T-shirt,37282.jpg
57450,Women,Apparel,Topwear,Tshirts,Green,Summer,2012.0,Casual,Angry Birds Women Green T-shirt,57450.jpg
14325,Women,Apparel,Topwear,Tshirts,Pink,Fall,2011.0,Casual,ADIDAS Women Printed Pink T-shirt,14325.jpg
24592,Women,Apparel,Topwear,Tshirts,Blue,Fall,2011.0,Casual,Little Miss Women Blue Printed T-shirt,24592.jpg
43321,Women,Apparel,Topwear,Tshirts,Pink,Summer,2012.0,Casual,United Colors of Benetton Women Pink T-shirt,43321.jpg
2265,Women,Apparel,Topwear,Tshirts,Orange,Fall,2010.0,Sports,Nike Womens NIKE MILER SS TOP T-shirt,2265.jpg
57430,Women,Apparel,Topwear,Tshirts,Green,Summer,2015.0,Casual,Angry Birds Women Green T-shirt,57430.jpg
17430,Men,Accessories,Watches,Watches,Black,Winter,2016.0,Casual,Casio Men Black Dial Watch ED339,17430.jpg
46510,Men,Accessories,Watches,Watches,Black,Winter,2016.0,Casual,Timex Men Black Chronograph Watch,46510.jpg
45010,Men,Accessories,Watches,Watches,Steel,Winter,2016.0,Casual,Maxima Men Steel Dial Digital Multifunction Watch,45010.jpg
45032,Men,Accessories,Watches,Watches,Silver,Winter,2016.0,Casual,Maxima Attivo Men Silver Dial Watch,45032.jpg
8098,Men,Accessories,Watches,Watches,Black,Winter,2016.0,Casual,Fastrack Men Hip Hop Analog Black Watch,8098.jpg
51647,Men,Accessories,Watches,Watches,Blue,Winter,2016.0,Casual,Fossil Men Blue Dial Chronograph Watch FS4703,51647.jpg
51650,Men,Accessories,Watches,Watches,Brown,Winter,2016.0,Casual,Fossil Men Brown Dial Chronograph Watch FS4608,51650.jpg
45191,Men,Accessories,Watches,Watches,Brown,Winter,2016.0,Casual,CASIO ENTICER Men Brown Dial Analogue Watch A643,45191.jpg
46560,Men,Accessories,Watches,Watches,Black,Winter,2016.0,Casual,Timex Men Black Dial Watch,46560.jpg
29926,Men,Accessories,Watches,Watches,Black,Winter,2016.0,Casual,Police Men Black Dial Watch PL12778MSU-61,29926.jpg
33896,Men,Accessories,Watches,Watches,Steel,Winter,2016.0,Casual,Citizen Men White Dial Watch,33896.jpg
45229,Men,Accessories,Watches,Watches,Black,Winter,2016.0,Casual,CASIO Men Black Dial & Digital Watches AD144,45229.jpg
45111,Men,Accessories,Watches,Watches,Blue,Winter,2016.0,Casual,Casio Enticer Men Silver Analogue Watches (A165) MTP-1191A-7ADF,45111.jpg
33915,Men,Accessories,Watches,Watches,Black,Winter,2016.0,Casual,Citizen Men Black Dial Eco-Drive Watch,33915.jpg
28579,Men,Accessories,Watches,Watches,Black,Winter,2016.0,Casual,ADIDAS Originals Men Black Dial Watch ADH2644,28579.jpg
38033,Men,Accessories,Watches,Watches,Black,Winter,2016.0,Casual,Q&Q Men Black Watch,38033.jpg
29915,Men,Accessories,Watches,Watches,Black,Winter,2016.0,Casual,Police Men Black Dial Chronograph Watch PL12676JISU02,29915.jpg
54641,Men,Accessories,Watches,Watches,Black,Winter,2016.0,Casual,Fastrack Men White Dial Watch,54641.jpg
40512,Men,Accessories,Watches,Watches,Silver,Winter,2016.0,Casual,Titan Men Silver Dial Watch,40512.jpg
11004,Men,Accessories,Watches,Watches,Black,Winter,2016.0,Casual,Puma Men Track Black Watch,11004.jpg
45221,Men,Accessories,Watches,Watches,Black,Winter,2016.0,Casual,Casio Vintage Collection Analog-Digital Watch AQ-230A-1DMQAD01,45221.jpg
21703,Men,Accessories,Watches,Watches,Black,Winter,2016.0,Casual,Fossil Men Black Dial Chronograph Watch FS4572,21703.jpg
38040,Men,Accessories,Watches,Watches,Black,Winter,2016.0,Casual,Q&Q Men Black Watch,38040.jpg
10236,Men,Accessories,Watches,Watches,Orange,Winter,2016.0,Casual,Carrera Men Strap dial Orange Watches,10236.jpg
11001,Men,Accessories,Watches,Watches,Black,Winter,2016.0,Sports,Puma Men Top Fluctuation Red Black Watches,11001.jpg
49913,Men,Accessories,Watches,Watches,Black,Winter,2016.0,Casual,Q&Q Men Black Analog Watch,49913.jpg
19267,Men,Accessories,Watches,Watches,Steel,Winter,2016.0,Casual,Guess Men Chase Steel Watch,19267.jpg
29452,Men,Accessories,Watches,Watches,Black,Winter,2016.0,Casual,Giordano Men Black Dial Watch,29452.jpg
11203,Men,Accessories,Watches,Watches,Black,Winter,2016.0,Casual,Carrera Men Metal strap Sqaure dial Black Watches,11203.jpg
19755,Unisex,Accessories,Watches,Watches,Lavender,Winter,2016.0,Casual,Ice Unisex Sili Lavender Watch,19755.jpg
16788,Unisex,Accessories,Watches,Watches,Black,Winter,2016.0,Casual,ADIDAS Unisex Digital Black Watch,16788.jpg
25636,Women,Accessories,Watches,Watches,Black,Winter,2016.0,Casual,Fastrack Women Black Casual Watch,25636.jpg
5073,Women,Accessories,Watches,Watches,Pink,Winter,2016.0,Casual,Being Human Women Silicon Strap Pink Watch,5073.jpg
19279,Women,Accessories,Watches,Watches,Gold,Winter,2016.0,Casual,Guess Women Autograph Gold Watch,19279.jpg
25638,Women,Accessories,Watches,Watches,Silver,Winter,2016.0,Casual,Fastrack Women Silver Casual Watch,25638.jpg
19298,Women,Accessories,Watches,Watches,Black,Spring,2013.0,Casual,Guess Women Puffy G Black Watch,19298.jpg
59257,Women,Accessories,Watches,Watches,White,Winter,2016.0,Casual,Titan Women White Watch,59257.jpg
56326,Women,Accessories,Watches,Watches,Steel,Winter,2016.0,Casual,Fastrack Women Steel Dial Watch,56326.jpg
10738,Women,Accessories,Watches,Watches,Pink,Winter,2016.0,Casual,Puma Women Slick Ladies 3HD Pink Pink Watches,10738.jpg
11642,Women,Accessories,Watches,Watches,Black,Winter,2016.0,Casual,Puma Women Vintage Black Watch,11642.jpg
19261,Women,Accessories,Watches,Watches,Silver,Winter,2016.0,Casual,Guess Women Logo Glam Silver Watch,19261.jpg
29501,Women,Accessories,Watches,Watches,White,Winter,2016.0,Casual,Giordano Women White Dial Watch,29501.jpg
45044,Women,Accessories,Watches,Watches,Grey,Winter,2016.0,Casual,Maxima Attivo Women Grey Dial Watch,45044.jpg
10607,Women,Accessories,Watches,Watches,Black,Winter,2016.0,Casual,Puma Women Temptation Black Watch,10607.jpg
10135,Women,Accessories,Watches,Watches,Silver,Winter,2016.0,Casual,Esprit Women Lissomy Glam White Silver Watches,10135.jpg
37479,Women,Accessories,Watches,Watches,White,Winter,2016.0,Casual,Esprit Women White Watch,37479.jpg
48026,Women,Accessories,Watches,Watches,White,Winter,2016.0,Casual,Helix Women White Dial Watch,48026.jpg
43168,Women,Accessories,Watches,Watches,Black,Winter,2016.0,Casual,Fastrack Women Black Dial Watch,43168.jpg
45915,Women,Accessories,Watches,Watches,Steel,Winter,2016.0,Casual,Maxima Women Steel Watch,45915.jpg
